<?xml version="1.0" encoding="UTF-8"?>
<mule xmlns:dw="http://www.mulesoft.org/schema/mule/ee/dw" xmlns:metadata="http://www.mulesoft.org/schema/mule/metadata" xmlns:doc="http://www.mulesoft.org/schema/mule/documentation" xmlns="http://www.mulesoft.org/schema/mule/core" xmlns:apikit="http://www.mulesoft.org/schema/mule/apikit" xmlns:http="http://www.mulesoft.org/schema/mule/http" xmlns:spring="http://www.springframework.org/schema/beans" xmlns:xsi="http://www.w3.org/2001/XMLSchema-instance" xsi:schemaLocation="http://www.mulesoft.org/schema/mule/core http://www.mulesoft.org/schema/mule/core/current/mule.xsd
http://www.mulesoft.org/schema/mule/http http://www.mulesoft.org/schema/mule/http/current/mule-http.xsd
http://www.mulesoft.org/schema/mule/apikit http://www.mulesoft.org/schema/mule/apikit/current/mule-apikit.xsd
http://www.springframework.org/schema/beans http://www.springframework.org/schema/beans/spring-beans-3.1.xsd
http://www.mulesoft.org/schema/mule/ee/dw http://www.mulesoft.org/schema/mule/ee/dw/current/dw.xsd">
    <flow name="weather-api-main">
        <http:listener config-ref="weather-api-httpListenerConfig" path="/api/*" doc:name="HTTP"/>
        <logger message="Pull http metadata" level="INFO" doc:name="Logger"/>
        <apikit:router config-ref="weather-api-config" doc:name="APIkit Router"/>
        <logger message="Push http metada" level="INFO" doc:name="Logger"/>
        <exception-strategy ref="weather-api-apiKitGlobalExceptionMapping" doc:name="Reference Exception Strategy"/>
    </flow>
    <flow name="weather-api-console">
        <http:listener config-ref="weather-api-httpListenerConfig" path="/console/*" doc:name="HTTP"/>
        <apikit:console config-ref="weather-api-config" doc:name="APIkit Console"/>
    </flow>
    <flow name="post:/cities:application/json:weather-api-config">
        <set-payload value="#[payload]" doc:name="Set Payload"/>
        <flow-ref name="cities-flow" doc:name="Cities Flow"/>
        <dw:transform-message doc:name="Transform Message" metadata:id="7d317e90-9687-44b1-b9bb-2e25c77bd662">
            <dw:set-payload><![CDATA[%dw 1.0
%output application/json
---
{
	Result: payload map ((payload01 , indexOfPayload01) -> {
		Country: payload01.Country,
		City: payload01.City
	})
}]]></dw:set-payload>
        </dw:transform-message>
    </flow>
    <flow name="post:/weather:application/json:weather-api-config">
        <set-payload value="#[payload]" doc:name="Set Payload"/>
        <flow-ref name="weather-flow" doc:name="Weather Flow"/>
    </flow>
    <apikit:mapping-exception-strategy name="weather-api-apiKitGlobalExceptionMapping">
        <apikit:mapping statusCode="404">
            <apikit:exception value="org.mule.module.apikit.exception.NotFoundException" />
            <set-property propertyName="Content-Type" value="application/json" doc:name="Property"/>
            <set-payload value="{ &quot;message&quot;: &quot;Resource not found&quot; }" doc:name="Set Payload"/>
        </apikit:mapping>
        <apikit:mapping statusCode="405">
            <apikit:exception value="org.mule.module.apikit.exception.MethodNotAllowedException" />
            <set-property propertyName="Content-Type" value="application/json" doc:name="Property"/>
            <set-payload value="{ &quot;message&quot;: &quot;Method not allowed&quot; }" doc:name="Set Payload"/>
        </apikit:mapping>
        <apikit:mapping statusCode="415">
            <apikit:exception value="org.mule.module.apikit.exception.UnsupportedMediaTypeException" />
            <set-property propertyName="Content-Type" value="application/json" doc:name="Property"/>
            <set-payload value="{ &quot;message&quot;: &quot;Unsupported media type&quot; }" doc:name="Set Payload"/>
        </apikit:mapping>
        <apikit:mapping statusCode="406">
            <apikit:exception value="org.mule.module.apikit.exception.NotAcceptableException" />
            <set-property propertyName="Content-Type" value="application/json" doc:name="Property"/>
            <set-payload value="{ &quot;message&quot;: &quot;Not acceptable&quot; }" doc:name="Set Payload"/>
        </apikit:mapping>
        <apikit:mapping statusCode="400">
            <apikit:exception value="org.mule.module.apikit.exception.BadRequestException" />
            <set-property propertyName="Content-Type" value="application/json" doc:name="Property"/>
            <set-payload value="{ &quot;message&quot;: &quot;Bad request&quot; }" doc:name="Set Payload"/>
        </apikit:mapping>
    </apikit:mapping-exception-strategy>
</mule>
